<utilization_data>
<summary title="IO Pad Sites" utilization="0.000"/>
<summary title="GPIO Pad Sites" utilization="0.000" indent_level="1"/>
<summary title="CLKIO Pad Sites" utilization="0.000" indent_level="1"/>
<details cell_name="I/O Pads (Total)" instances="0" sites="88" utilization="0.000"/>
<details cell_name="GPIO Pads" instances="0" sites="64" utilization="0.000"/>
<details cell_name="CLKIO Pads" instances="0" sites="24" utilization="0.000"/>
<details cell_name="PLLs" instances="2" sites="16" utilization="12.500"/>
<details cell_name="DDR4s" instances="0" sites="1" utilization="0.000"/>
<details cell_name="GDDR6s" instances="1" sites="8" utilization="12.500"/>
<details cell_name="Ethernet Controllers" instances="0" sites="2" utilization="0.000"/>
<details cell_name="PCIe Controllers" instances="0" sites="2" utilization="0.000"/>
<details cell_name="SerDes Lanes" instances="0" sites="32" utilization="0.000"/>
</utilization_data>
